"q1-v2.4","115605","FINISHED"
"q10-v2.4","178955","FINISHED"
"q11-v2.4","377079","FINISHED"
"q12-v2.4","70970","FINISHED"
"q13-v2.4","126132","FINISHED"
"q14a-v2.4","8281","FAILED"
"q14b-v2.4","900413","FAILED"
"q15-v2.4","205920","FINISHED"
"q16-v2.4","253474","FINISHED"
"q17-v2.4","250792","FINISHED"
"q18-v2.4","99954","FINISHED"
"q19-v2.4","94862","FINISHED"
"q2-v2.4","260341","FINISHED"
"q20-v2.4","83183","FINISHED"
"q21-v2.4","28946","FINISHED"
"q22-v2.4","29281","FINISHED"
"q23a-v2.4","716265","FINISHED"
"q23b-v2.4","750535","FINISHED"
"q24a-v2.4","334365","FINISHED"
"q24b-v2.4","309588","FINISHED"
"q25-v2.4","222348","FINISHED"
"q26-v2.4","78154","FINISHED"
"q27-v2.4","89584","FINISHED"
"q28-v2.4","395095","FINISHED"
"q29-v2.4","227705","FINISHED"
"q3-v2.4","63726","FINISHED"
"q30-v2.4","156308","FINISHED"
"q31-v2.4","423166","FINISHED"
"q32-v2.4","121694","FINISHED"
"q33-v2.4","217468","FINISHED"
"q34-v2.4","87005","FINISHED"
"q35-v2.4","165068","FINISHED"
"q37-v2.4","69149","FINISHED"
"q38-v2.4","161761","FINISHED"
"q39a-v2.4","53407","FINISHED"
"q39b-v2.4","51490","FINISHED"
"q4-v2.4","518570","FINISHED"
"q40-v2.4","174699","FINISHED"
"q41-v2.4","2089","FINISHED"
